Size,Swaps,Pattern
3,2,2 0 1
3,1,1 0 2
3,0,0 1 2
3,3,2 1 0
4,4,2 1 3 0
4,3,3 0 1 2
4,2,0 2 3 1
4,6,3 2 1 0
4,1,1 0 2 3
4,0,0 1 2 3
4,5,3 2 0 1
5,7,4 1 2 3 0
5,4,2 3 0 1 4
5,6,4 2 0 1 3
5,2,0 3 1 2 4
5,5,0 4 2 3 1
5,3,2 1 0 3 4
5,8,4 2 3 0 1
5,9,4 2 3 1 0
5,1,0 1 3 2 4
5,10,4 3 2 1 0
5,0,0 1 2 3 4
6,6,4 1 0 2 5 3
6,9,2 4 3 1 5 0
6,7,1 5 3 0 2 4
6,13,4 5 3 2 0 1
6,3,1 0 2 5 3 4
6,4,2 0 3 4 1 5
6,5,2 0 4 3 1 5
6,10,1 5 3 4 2 0
6,8,3 1 4 5 0 2
6,2,1 0 2 4 3 5
6,11,3 4 2 5 1 0
6,14,5 4 2 3 1 0
6,1,0 1 2 4 3 5
6,12,4 5 1 3 2 0
6,15,5 4 3 2 1 0
6,0,0 1 2 3 4 5
7,9,5 2 1 3 0 4 6
7,12,6 4 0 1 3 5 2
7,11,3 6 2 0 4 1 5
7,10,2 4 5 1 0 6 3
7,16,6 5 2 0 4 3 1
7,13,4 2 6 3 1 0 5
7,14,4 3 1 6 5 2 0
7,7,2 0 3 6 1 5 4
7,8,2 5 0 3 4 1 6
7,6,2 0 4 1 5 6 3
7,5,0 3 4 2 1 5 6
7,15,5 3 6 1 4 0 2
7,3,2 0 1 4 3 5 6
7,17,6 1 5 4 3 2 0
7,4,0 1 2 4 6 5 3
7,2,0 1 2 3 5 6 4
7,19,6 4 5 3 1 2 0
7,18,6 4 3 2 5 1 0
7,20,6 4 5 3 2 1 0
7,1,0 1 3 2 4 5 6
7,0,0 1 2 3 4 5 6
7,21,6 5 4 3 2 1 0
8,18,4 2 5 7 6 1 3 0
8,15,7 2 4 3 0 5 1 6
8,11,1 3 6 4 2 0 7 5
8,16,4 7 0 2 5 6 3 1
8,12,3 4 5 2 1 0 6 7
8,17,4 5 3 2 7 1 0 6
8,19,7 5 4 1 0 3 6 2
8,10,0 6 2 3 4 5 7 1
8,9,1 3 0 2 7 6 5 4
8,13,4 0 2 6 7 3 5 1
8,8,2 0 6 1 3 7 4 5
8,7,3 0 1 4 6 2 7 5
8,20,4 7 5 2 6 0 3 1
8,14,5 0 7 2 4 3 1 6
8,6,1 6 0 2 3 4 5 7
8,5,0 2 5 3 1 4 6 7
8,4,0 2 3 4 1 6 5 7
8,23,7 6 3 2 5 4 0 1
8,21,7 5 2 6 3 1 0 4
8,22,7 3 5 6 4 0 2 1
8,24,7 4 6 5 3 1 0 2
8,3,0 1 2 4 3 7 5 6
8,26,6 7 5 4 3 2 0 1
8,27,7 6 4 5 3 2 1 0
8,2,0 3 1 2 4 5 6 7
8,25,5 7 6 4 3 1 2 0
8,1,0 1 2 4 3 5 6 7
8,0,0 1 2 3 4 5 6 7
8,28,7 6 5 4 3 2 1 0
9,23,6 8 7 2 0 1 4 5 3
9,21,8 1 7 0 5 3 4 6 2
9,17,3 5 6 4 7 0 1 2 8
9,16,4 6 0 8 1 3 5 2 7
9,15,6 1 0 4 5 8 2 7 3
9,20,0 6 8 4 1 7 5 3 2
9,24,4 8 2 7 5 6 0 1 3
9,12,6 0 1 5 3 7 2 4 8
9,18,5 2 8 0 3 6 4 7 1
9,19,2 3 8 6 5 4 0 1 7
9,14,1 4 6 2 8 0 3 7 5
9,25,8 7 2 3 1 5 6 4 0
9,26,5 8 4 6 7 1 2 0 3
9,27,4 8 7 3 6 5 0 1 2
9,5,0 1 2 3 5 7 8 4 6
9,22,7 1 6 4 2 8 3 5 0
9,9,2 1 3 0 7 6 4 5 8
9,13,1 5 4 7 0 2 3 8 6
9,28,5 8 7 6 4 0 1 3 2
9,11,0 4 5 1 3 7 8 2 6
9,10,3 0 5 1 6 2 8 4 7
9,8,3 0 5 2 4 1 6 7 8
9,33,8 7 6 3 5 2 4 1 0
9,7,7 0 1 2 3 4 5 6 8
9,29,6 4 8 7 3 5 2 0 1
9,30,8 7 5 4 3 1 2 6 0
9,6,1 0 4 2 3 8 5 6 7
9,4,1 0 4 2 3 6 5 7 8
9,3,0 1 3 2 6 4 5 7 8
9,32,7 8 6 4 5 3 1 0 2
9,2,0 1 3 2 4 5 6 8 7
9,31,7 5 6 8 4 3 2 0 1
9,1,0 1 2 3 4 5 6 8 7
9,34,8 7 6 4 5 3 1 2 0
9,35,8 7 6 5 4 3 1 2 0
9,0,0 1 2 3 4 5 6 7 8
9,36,8 7 6 5 4 3 2 1 0
10,31,8 3 6 4 9 7 5 0 1 2
10,24,8 1 7 2 3 6 5 4 9 0
10,19,0 3 6 4 2 9 8 7 5 1
10,20,1 0 4 6 9 7 8 5 3 2
10,18,4 3 0 5 6 9 1 8 7 2
10,22,6 1 9 4 5 0 3 2 8 7
10,25,4 5 2 9 8 7 0 1 3 6
10,12,3 0 2 4 7 9 1 5 6 8
10,17,1 2 5 9 4 0 6 8 7 3
10,10,0 3 5 1 6 7 4 2 8 9
10,30,9 7 1 8 4 0 6 2 5 3
10,27,7 3 4 9 6 1 5 2 0 8
10,21,4 6 1 2 9 7 3 5 0 8
10,23,9 1 3 5 7 2 8 0 4 6
10,26,9 0 8 5 3 1 6 4 7 2
10,16,2 3 6 7 5 0 4 1 8 9
10,29,5 7 8 1 6 3 9 2 4 0
10,13,0 2 8 1 6 3 4 9 7 5
10,38,7 9 8 6 5 3 1 2 0 4
10,39,9 8 5 7 3 6 4 0 2 1
10,14,8 1 3 2 4 0 6 5 7 9
10,28,4 5 7 8 9 2 3 0 6 1
10,33,7 4 8 9 0 6 5 3 2 1
10,32,6 8 4 9 3 1 7 2 5 0
10,11,4 1 0 2 7 3 6 8 9 5
10,34,9 8 4 5 6 2 7 0 1 3
10,15,1 3 2 7 0 8 6 5 9 4
10,35,8 6 3 7 9 5 2 4 0 1
10,36,9 8 6 5 3 4 1 0 7 2
10,9,5 1 0 2 4 3 7 8 6 9
10,37,6 8 9 5 7 4 3 0 1 2
10,42,9 8 7 6 3 4 5 2 1 0
10,7,0 1 3 4 2 8 5 9 6 7
10,8,0 3 2 1 4 8 5 9 6 7
10,6,0 2 1 5 4 6 3 7 9 8
10,3,1 0 3 4 2 5 6 7 8 9
10,40,8 5 9 7 6 3 4 2 1 0
10,5,0 1 4 2 3 5 8 6 9 7
10,4,1 2 0 3 4 5 7 8 6 9
10,41,7 9 8 6 5 4 3 1 0 2
10,2,0 1 3 2 5 4 6 7 8 9
10,44,9 8 7 6 5 4 3 1 2 0
10,43,8 9 7 6 5 4 3 1 2 0
10,1,1 0 2 3 4 5 6 7 8 9
10,0,0 1 2 3 4 5 6 7 8 9
10,45,9 8 7 6 5 4 3 2 1 0
11,23,2 9 1 8 3 7 0 4 6 5 10
11,28,8 1 0 10 5 7 2 9 4 6 3
11,22,2 8 5 0 1 7 6 9 4 10 3
11,31,10 2 9 4 1 3 8 5 0 7 6
11,27,3 0 10 9 1 7 6 4 2 8 5
11,37,9 3 8 2 7 6 5 4 10 0 1
11,36,3 10 8 7 4 5 0 9 2 6 1
11,30,8 3 1 5 4 10 7 6 9 2 0
11,20,7 0 5 2 8 1 6 3 9 10 4
11,40,8 6 9 4 7 5 10 1 0 3 2
11,24,9 0 2 8 1 10 5 3 4 7 6
11,26,7 10 1 4 3 0 5 2 9 8 6
11,21,0 2 7 8 3 10 1 9 4 6 5
11,19,3 10 2 0 6 1 4 7 8 5 9
11,38,8 9 7 6 0 3 10 2 5 1 4
11,42,8 9 7 5 3 10 4 2 0 6 1
11,13,3 0 1 4 2 6 10 8 9 5 7
11,32,4 10 3 8 2 6 9 0 1 7 5
11,34,3 10 6 5 7 8 4 0 9 1 2
11,29,7 0 5 10 8 3 2 9 1 4 6
11,35,7 3 2 10 9 5 6 8 0 4 1
11,25,7 2 3 10 1 5 6 4 8 0 9
11,17,0 4 9 2 3 1 7 6 8 10 5
11,39,7 10 5 8 2 9 3 4 0 6 1
11,33,1 9 10 2 3 8 7 5 6 4 0
11,12,1 6 2 3 5 4 0 7 8 10 9
11,44,7 6 10 8 9 5 3 1 2 4 0
11,15,0 1 7 3 10 2 4 6 9 5 8
11,16,6 4 2 0 3 1 8 5 9 7 10
11,46,9 10 8 2 5 7 6 3 4 1 0
11,18,4 2 1 0 7 8 9 5 6 3 10
11,41,5 10 7 8 4 6 2 9 1 3 0
11,45,8 9 10 4 6 5 7 1 3 2 0
11,9,1 2 0 3 5 7 4 8 10 9 6
11,8,0 1 6 3 2 4 5 9 7 10 8
11,14,1 2 5 0 7 3 10 4 9 6 8
11,11,2 3 1 5 0 4 9 6 8 7 10
11,43,9 8 6 3 10 7 1 4 5 2 0
11,49,10 9 8 6 5 3 2 7 4 1 0
11,10,0 1 5 2 4 9 6 7 3 8 10
11,6,0 1 3 2 7 4 8 5 6 9 10
11,47,6 10 8 9 7 5 1 4 3 2 0
11,5,0 1 6 3 2 4 5 7 8 9 10
11,7,0 1 3 5 2 6 7 8 9 4 10
11,48,9 10 8 7 6 3 4 1 2 5 0
11,4,0 1 2 3 6 4 7 5 8 10 9
11,50,10 9 8 6 4 5 3 7 2 1 0
11,51,10 9 8 7 6 5 0 4 3 2 1
11,2,0 1 2 3 4 5 6 7 10 8 9
11,3,0 1 3 4 5 2 6 7 8 9 10
11,53,10 9 8 7 6 3 5 4 2 1 0
11,52,10 9 8 7 3 6 5 4 2 1 0
11,1,0 1 3 2 4 5 6 7 8 9 10
11,55,10 9 8 7 6 5 4 3 2 1 0
11,54,9 10 8 7 6 5 4 3 2 1 0
12,33,4 7 3 1 11 8 6 9 0 5 10 2
12,41,4 10 7 3 6 9 8 1 11 5 0 2
12,36,6 5 8 10 2 3 11 0 7 4 1 9
12,26,6 8 1 4 0 9 2 10 5 3 11 7
12,40,10 6 0 7 9 2 11 8 3 4 5 1
12,27,1 3 10 5 11 0 2 9 4 7 8 6
12,37,1 10 7 6 9 3 2 11 5 4 0 8
12,31,5 9 11 6 0 1 3 2 4 10 8 7
12,35,3 4 7 10 5 8 11 0 9 6 1 2
12,42,6 11 8 1 3 4 10 9 5 7 2 0
12,14,0 1 6 4 3 7 8 5 10 2 9 11
12,32,6 2 3 11 4 5 8 7 10 1 9 0
12,44,10 6 5 9 11 3 2 7 0 1 8 4
12,43,11 6 5 7 3 0 10 8 9 4 1 2
12,39,8 10 6 0 5 11 4 2 7 1 3 9
12,25,0 3 10 2 6 9 4 8 5 7 1 11
12,21,5 3 1 2 4 6 10 7 8 11 9 0
12,20,0 4 3 8 5 1 6 10 11 2 9 7
12,34,7 2 0 6 10 11 8 5 4 1 3 9
12,22,0 5 4 10 2 6 3 7 11 1 8 9
12,45,8 7 10 4 3 2 9 11 6 1 5 0
12,24,9 2 5 1 0 6 10 3 4 11 7 8
12,30,1 0 11 4 5 9 7 10 6 3 8 2
12,17,2 5 0 1 7 4 9 6 10 8 3 11
12,23,0 2 1 8 7 5 11 4 10 9 3 6
12,49,11 6 5 8 10 3 9 4 0 7 2 1
12,29,7 1 0 6 10 5 8 9 2 11 3 4
12,55,5 11 9 10 7 8 6 3 4 0 2 1
12,38,11 7 2 1 0 10 9 6 4 5 8 3
12,48,11 10 4 7 3 9 6 2 1 0 8 5
12,18,3 0 8 1 2 5 7 9 6 11 10 4
12,19,2 3 1 6 7 4 5 9 10 11 0 8
12,16,1 4 0 2 6 7 9 10 5 3 11 8
12,46,11 8 6 3 5 10 9 1 4 0 2 7
12,28,8 3 9 0 5 4 1 11 2 7 6 10
12,50,7 10 11 8 6 5 1 9 3 0 2 4
12,47,10 5 11 9 2 8 1 6 7 0 3 4
12,11,0 1 2 7 3 4 5 11 8 10 6 9
12,53,10 11 9 8 6 4 5 1 0 2 7 3
12,13,3 1 0 2 8 4 6 9 10 5 7 11
12,51,11 10 6 5 2 9 8 7 3 0 1 4
12,15,0 3 6 5 4 1 2 8 10 7 11 9
12,54,11 9 8 5 7 10 2 3 6 1 4 0
12,52,9 10 11 7 8 5 1 2 4 6 0 3
12,10,1 4 2 3 6 0 5 7 10 8 9 11
12,9,0 1 2 3 7 5 9 6 4 10 8 11
12,59,9 10 11 6 7 8 5 4 3 2 0 1
12,12,0 1 6 4 2 5 8 9 3 10 7 11
12,56,10 7 5 11 9 4 8 6 3 2 1 0
12,58,11 9 8 7 10 6 4 5 0 3 1 2
12,8,0 2 1 7 3 6 4 5 8 9 11 10
12,57,11 8 5 9 7 10 4 6 3 2 1 0
12,6,0 1 2 4 5 7 6 3 9 8 10 11
12,60,10 11 9 8 5 6 4 3 7 2 1 0
12,7,0 1 5 3 7 2 4 6 8 9 10 11
12,62,11 10 8 9 6 7 5 4 2 3 0 1
12,61,11 10 7 9 8 6 5 2 4 3 0 1
12,4,0 1 4 3 2 5 6 7 8 10 9 11
12,5,0 1 4 3 5 2 7 6 8 9 10 11
12,63,10 11 9 8 7 6 5 3 4 1 2 0
12,3,0 1 2 3 4 6 7 5 9 8 10 11
12,64,10 11 9 8 7 6 5 4 3 2 0 1
12,1,0 1 2 3 4 5 6 7 8 10 9 11
12,65,10 11 9 8 7 6 5 4 3 2 1 0
12,2,0 1 2 4 3 5 6 7 8 9 11 10
12,66,11 10 9 8 7 6 5 4 3 2 1 0
13,47,8 7 2 12 11 10 0 3 6 1 9 4 5
13,57,12 4 9 11 5 2 8 7 10 6 3 0 1
13,38,2 12 7 11 3 1 6 0 8 9 4 5 10
13,24,2 3 1 6 11 5 9 4 0 10 7 8 12
13,42,10 8 11 0 1 12 6 2 5 4 3 9 7
13,50,5 11 10 9 7 3 8 2 0 4 6 1 12
13,33,9 3 6 1 7 0 5 4 11 12 8 10 2
13,45,2 0 12 11 6 10 7 8 3 9 1 5 4
13,34,6 8 0 10 3 2 11 7 5 1 4 12 9
13,40,5 10 0 1 12 3 11 7 9 4 8 6 2
13,44,4 11 2 8 10 12 0 5 6 7 9 1 3
13,43,1 5 9 7 11 6 8 10 3 4 12 2 0
13,49,11 4 8 0 12 10 5 2 9 7 1 6 3
13,41,10 3 7 4 2 5 11 12 1 9 6 0 8
13,36,1 2 10 9 7 5 8 4 6 3 12 0 11
13,29,0 6 3 11 7 5 1 2 10 8 12 9 4
13,46,12 1 10 5 4 7 11 8 0 9 2 3 6
13,37,5 0 12 4 9 1 7 6 10 11 8 2 3
13,31,8 0 3 12 5 2 1 7 6 11 10 4 9
13,19,2 0 3 4 8 1 5 12 9 10 7 11 6
13,54,11 12 6 10 5 9 1 2 0 8 3 4 7
13,59,12 11 5 9 10 6 7 1 4 2 0 3 8
13,53,11 7 10 2 6 9 0 12 8 3 5 4 1
13,32,10 0 6 8 4 3 2 5 1 9 12 11 7
13,30,0 8 5 3 2 6 11 7 12 9 4 1 10
13,55,12 10 4 7 2 8 11 0 9 6 5 3 1
13,22,2 4 0 6 7 9 3 8 10 11 1 5 12
13,23,0 3 8 5 1 4 10 9 7 11 2 6 12
13,39,3 10 9 8 0 2 4 7 12 5 6 11 1
13,17,2 1 3 7 0 8 4 5 11 6 12 10 9
13,35,3 0 11 5 2 8 7 12 6 10 4 9 1
13,25,5 3 1 7 2 8 0 10 12 4 9 6 11
13,26,6 3 1 8 12 0 4 2 5 9 10 7 11
13,27,3 0 6 7 8 10 11 1 4 2 9 5 12
13,48,5 12 9 11 0 10 7 2 1 3 6 8 4
13,20,0 3 1 5 6 10 7 11 4 8 9 2 12
13,28,1 8 3 9 2 7 0 4 12 6 10 11 5
13,51,8 11 4 7 6 10 5 3 0 12 9 1 2
13,18,3 0 4 1 9 5 6 8 10 7 11 2 12
13,58,12 10 9 7 4 11 5 2 0 6 3 1 8
13,52,7 4 12 10 5 11 8 1 6 3 2 0 9
13,60,10 12 11 7 3 5 8 1 9 4 6 2 0
13,56,7 9 2 12 8 11 10 3 6 4 5 1 0
13,66,12 10 8 9 11 6 5 3 4 0 7 2 1
13,16,1 0 2 5 6 8 7 9 3 12 4 11 10
13,61,9 10 7 11 12 8 4 0 6 5 2 3 1
13,63,12 10 11 8 4 9 3 6 2 1 5 7 0
13,21,0 1 4 9 8 3 7 2 12 5 6 10 11
13,13,2 0 3 5 1 8 7 9 4 10 6 11 12
13,62,11 9 5 7 12 8 6 10 3 2 4 0 1
13,64,12 10 9 11 8 2 7 0 5 4 6 3 1
13,67,11 10 8 7 12 9 6 5 1 2 4 3 0
13,15,0 3 5 1 4 7 6 2 12 9 10 8 11
13,65,12 10 11 9 8 2 6 5 3 1 7 0 4
13,9,4 1 0 2 5 7 3 6 9 8 10 11 12
13,11,1 5 4 0 2 3 7 6 8 9 11 12 10
13,69,10 9 12 11 8 6 5 7 4 2 1 0 3
13,14,7 0 3 2 5 1 4 6 8 9 12 10 11
13,10,2 1 0 3 7 4 6 8 9 5 11 10 12
13,68,8 11 9 12 7 10 6 5 4 1 3 2 0
13,12,0 2 1 5 3 7 4 8 10 9 12 11 6
13,70,10 9 12 8 5 11 7 6 4 3 2 1 0
13,6,0 1 4 2 5 7 3 6 9 8 10 11 12
13,8,0 2 3 1 4 5 8 7 6 11 10 9 12
13,7,0 1 2 3 4 5 6 8 11 9 10 12 7
13,5,1 4 0 2 3 5 7 6 8 9 10 11 12
13,71,11 12 6 10 9 8 7 5 4 3 1 0 2
13,72,11 12 10 9 8 5 7 6 3 4 0 2 1
13,73,12 11 10 8 7 6 5 9 4 3 2 0 1
13,4,0 1 2 5 3 4 6 7 8 9 11 12 10
13,74,12 9 8 11 10 7 6 5 4 3 2 1 0
13,3,0 1 2 3 4 5 7 6 9 8 11 10 12
13,75,12 11 10 9 8 5 7 6 4 3 1 2 0
14,29,1 2 4 8 6 10 9 7 5 3 0 12 13 11
14,34,3 0 11 4 12 6 1 13 7 2 8 5 9 10
14,56,7 9 13 10 0 3 11 1 8 12 6 5 4 2
14,41,0 2 13 3 11 9 5 7 12 6 4 8 1 10
14,40,0 13 10 6 8 1 3 2 9 7 5 11 4 12
14,24,5 3 0 4 1 8 7 12 2 6 13 10 9 11
14,54,9 6 13 5 4 12 0 1 7 11 8 10 3 2
14,55,1 10 6 13 11 8 9 4 5 3 2 7 0 12
14,43,0 6 11 12 9 3 1 10 4 7 5 8 13 2
14,57,9 2 7 13 0 11 10 6 8 12 4 5 3 1
14,45,6 3 2 5 10 12 13 9 7 0 8 1 11 4
14,52,13 5 4 7 12 0 9 6 2 8 10 11 3 1
14,61,13 11 7 2 12 5 0 10 3 8 9 4 6 1
14,47,7 12 4 5 6 8 9 10 0 3 11 1 13 2
14,39,12 1 10 7 0 2 5 6 11 3 13 4 8 9
14,64,8 9 13 12 7 3 11 6 1 5 2 0 4 10
14,46,2 11 6 1 10 3 13 8 7 12 4 5 0 9
14,58,4 6 10 13 12 8 2 11 3 5 7 9 0 1
14,49,13 11 3 4 2 0 8 10 1 12 9 6 5 7
14,31,2 0 8 5 13 7 1 3 9 10 6 11 12 4
14,37,7 11 1 0 2 10 8 9 4 5 12 6 3 13
14,35,4 6 2 10 7 11 5 1 3 0 12 8 9 13
14,53,13 9 8 3 11 2 0 5 6 12 4 1 10 7
14,33,0 12 1 6 2 7 8 5 9 11 13 4 10 3
14,38,4 13 12 1 5 2 3 6 7 0 11 8 9 10
14,50,13 5 0 12 2 8 10 4 3 11 1 9 7 6
14,48,8 7 3 4 10 9 6 13 1 0 12 5 11 2
14,30,8 4 11 0 2 1 12 3 5 6 9 10 7 13
14,22,2 1 3 0 9 6 5 13 7 10 4 11 8 12
14,25,5 7 0 8 1 4 3 9 10 2 12 6 11 13
14,42,7 5 11 2 6 0 9 13 1 4 12 3 10 8
14,60,13 11 0 5 12 10 4 6 8 7 2 1 9 3
14,51,6 5 7 13 9 10 12 1 0 2 11 4 8 3
14,63,13 8 11 9 3 7 2 12 1 5 6 4 10 0
14,44,11 2 3 5 9 7 4 12 1 13 10 0 8 6
14,67,10 12 5 9 13 4 8 1 11 6 7 2 3 0
14,59,8 13 10 1 12 7 3 11 0 6 5 4 2 9
14,77,12 10 9 6 13 7 11 8 4 5 2 1 3 0
14,70,11 13 4 10 12 8 3 9 5 2 7 0 6 1
14,26,7 2 3 0 4 9 1 13 5 11 6 10 8 12
14,69,11 10 13 8 5 9 12 2 3 1 7 6 0 4
14,32,9 1 11 0 4 6 5 7 10 2 8 3 12 13
14,36,3 7 1 6 5 2 13 8 9 11 12 4 0 10
14,28,6 7 4 0 3 1 5 8 9 13 11 10 2 12
14,65,13 7 8 11 12 6 2 10 4 0 5 3 1 9
14,21,0 4 3 2 7 8 6 11 1 5 13 9 10 12
14,66,7 8 11 13 12 4 10 5 6 2 9 0 1 3
14,62,11 13 2 6 12 9 7 4 3 5 8 1 10 0
14,27,2 4 8 5 3 11 0 1 7 9 6 13 12 10
14,71,8 13 11 9 12 7 3 2 5 10 4 6 1 0
14,18,0 2 6 5 4 1 8 7 10 3 12 11 9 13
14,20,1 4 0 5 6 3 2 9 11 13 8 10 7 12
14,68,9 13 12 8 7 4 6 11 5 0 2 1 10 3
14,74,10 12 8 13 9 7 11 6 0 5 2 3 4 1
14,19,0 6 5 1 7 2 3 9 4 13 10 8 11 12
14,73,13 12 4 5 9 10 11 8 6 7 3 1 2 0
14,75,11 12 13 7 10 5 8 9 0 6 4 3 1 2
14,17,3 2 5 6 0 1 10 7 4 8 9 11 13 12
14,23,6 0 1 2 11 5 3 4 13 7 10 8 12 9
14,16,2 5 7 0 4 3 1 8 6 10 9 11 12 13
14,72,12 13 11 9 6 5 8 7 0 3 4 2 10 1
14,76,13 11 12 8 7 6 4 10 1 9 3 5 2 0
14,15,0 1 3 4 5 10 7 2 6 11 8 13 12 9
14,13,2 0 4 3 5 1 8 12 6 7 9 10 11 13
14,14,0 1 2 4 8 3 5 7 12 10 6 13 9 11
14,82,11 13 12 10 7 6 4 9 8 5 3 2 1 0
14,12,0 2 1 3 10 4 6 7 5 11 9 8 12 13
14,78,12 10 13 6 9 11 8 7 3 5 1 2 4 0
14,81,9 13 12 8 11 6 10 7 5 4 1 3 2 0
14,80,13 12 11 10 6 7 3 9 5 8 4 1 2 0
14,11,1 0 2 4 5 3 10 7 6 9 8 12 13 11
14,79,9 11 12 8 10 13 7 5 6 4 2 3 1 0
14,10,0 1 6 2 3 4 9 5 10 7 11 8 12 13
14,8,0 1 2 4 3 6 7 8 5 9 11 13 12 10
14,83,11 13 12 9 6 10 8 7 5 3 4 1 2 0
14,5,0 1 2 5 3 4 6 7 8 10 11 12 9 13
14,84,12 13 10 7 11 9 8 6 3 5 4 2 1 0
14,9,0 1 2 4 6 7 3 5 9 8 12 11 10 13
14,6,0 1 4 2 3 5 9 6 8 7 10 11 12 13
14,85,12 13 11 8 10 9 7 6 5 4 1 2 3 0
14,7,1 2 0 3 4 5 9 6 8 10 7 11 12 13
14,86,13 12 11 9 7 10 8 6 4 5 3 1 2 0
14,3,1 3 0 2 4 5 6 7 8 9 10 11 12 13
14,4,0 1 2 3 4 6 8 5 7 10 9 11 12 13
14,87,13 11 12 10 9 8 7 6 5 3 4 0 2 1
15,38,4 0 6 10 8 9 1 13 3 2 5 14 12 11 7
15,61,9 14 7 10 4 1 12 0 13 3 5 8 11 2 6
15,54,2 14 3 13 1 11 10 6 0 8 5 9 4 12 7
15,53,1 9 6 10 12 0 8 4 13 14 3 11 7 5 2
15,70,11 6 13 4 9 10 12 5 2 14 7 3 1 0 8
15,47,3 2 0 14 1 10 8 12 11 5 13 9 6 7 4
15,50,4 12 0 3 11 6 8 9 13 10 14 2 1 5 7
15,44,8 2 12 0 10 3 4 14 1 5 13 11 7 6 9
15,40,0 1 6 11 7 2 14 10 8 13 9 3 4 5 12
15,39,9 6 4 8 0 1 12 3 5 10 7 14 2 11 13
15,45,9 6 1 4 2 8 10 7 14 11 13 3 0 5 12
15,59,10 8 13 5 2 11 3 7 9 0 14 1 12 4 6
15,52,1 8 13 7 2 11 6 10 3 9 0 14 12 5 4
15,58,9 7 13 4 1 10 11 6 5 3 12 0 8 14 2
15,32,0 5 2 6 4 12 10 1 14 9 3 7 11 8 13
15,46,0 3 7 10 9 14 8 4 6 2 13 5 1 12 11
15,57,4 12 7 9 8 5 10 3 14 1 2 11 6 0 13
15,29,1 12 2 3 0 4 10 6 5 9 11 13 14 8 7
15,60,11 6 12 3 14 1 8 9 0 7 4 10 13 5 2
15,49,6 0 11 1 8 13 12 7 3 5 9 10 14 4 2
15,56,6 10 9 14 2 5 8 12 0 1 11 3 7 13 4
15,43,3 6 1 7 12 10 9 11 4 0 2 13 14 5 8
15,48,0 13 6 10 2 3 4 11 12 5 14 9 8 1 7
15,35,1 11 3 2 10 4 0 7 5 14 13 9 6 8 12
15,71,14 9 13 5 4 11 1 12 6 3 10 0 8 2 7
15,33,6 2 14 4 0 3 8 1 10 7 5 11 12 9 13
15,66,7 13 10 12 9 2 8 3 4 11 0 6 14 1 5
15,37,11 1 6 0 3 7 8 2 13 5 14 10 4 12 9
15,36,5 0 4 8 2 1 9 12 13 11 7 10 3 14 6
15,67,14 12 10 7 11 2 4 0 3 6 9 13 5 1 8
15,42,8 10 5 1 0 3 9 12 2 11 14 6 7 4 13
15,69,14 12 9 8 0 5 13 7 2 6 4 3 10 11 1
15,75,10 11 4 8 14 5 12 13 9 6 7 0 3 1 2
15,76,10 14 12 3 11 13 8 1 9 5 2 4 6 7 0
15,51,11 9 10 0 5 3 1 14 2 7 8 12 13 6 4
15,55,3 8 0 7 10 13 12 14 9 11 2 1 4 6 5
15,41,0 8 11 2 1 13 7 10 9 4 3 5 12 14 6
15,62,4 13 5 10 8 3 11 14 6 9 2 12 0 1 7
15,31,0 2 6 5 3 10 12 4 1 9 14 11 13 7 8
15,72,12 8 10 11 13 7 14 1 0 6 4 3 9 2 5
15,64,9 2 10 14 6 11 12 8 7 1 0 4 13 3 5
15,63,2 5 13 14 10 11 8 12 3 4 0 6 7 1 9
15,80,13 14 10 12 9 8 6 4 0 1 5 7 11 2 3
15,65,12 2 9 14 5 13 4 10 8 0 3 11 6 1 7
15,68,12 4 11 2 13 8 6 10 7 9 3 5 14 1 0
15,74,14 3 10 5 9 13 12 6 2 11 8 7 4 0 1
15,73,14 9 6 12 11 5 7 0 13 3 10 2 8 1 4
15,77,7 13 14 3 11 10 6 9 5 8 2 12 1 4 0
15,79,13 7 11 8 10 14 9 6 1 12 5 0 3 4 2
15,82,11 12 8 5 10 7 14 6 13 9 4 3 1 2 0
15,30,1 4 2 7 5 6 10 3 0 14 11 13 12 8 9
15,34,2 0 3 1 14 13 5 10 6 4 7 12 9 11 8
15,24,0 7 3 1 8 2 4 5 12 13 9 6 14 11 10
15,22,0 2 5 1 4 8 3 9 14 12 7 6 10 13 11
15,25,1 3 0 9 2 8 4 6 10 13 12 11 5 7 14
15,27,5 1 0 11 2 4 6 12 10 3 8 9 7 13 14
15,78,8 14 6 13 5 12 11 10 7 4 1 0 2 9 3
15,84,13 12 11 14 8 6 10 7 3 2 4 1 0 9 5
15,83,11 13 8 12 9 7 14 6 10 5 0 1 3 4 2
15,26,11 2 1 0 7 4 3 5 12 6 9 10 8 14 13
15,28,1 6 3 7 0 2 12 13 4 8 10 5 9 14 11
15,81,14 8 12 7 6 10 13 11 9 1 2 5 3 4 0
15,85,13 14 11 6 12 5 8 9 4 10 3 2 1 0 7
15,23,0 1 3 4 9 6 12 8 5 11 2 7 10 14 13
15,90,12 14 11 9 13 6 8 10 5 1 7 4 2 3 0
15,86,11 13 14 10 9 1 12 7 8 5 3 4 6 2 0
15,19,2 1 3 10 0 4 7 6 8 12 5 11 9 13 14
15,21,3 2 0 6 7 8 4 1 5 11 12 9 14 10 13
15,20,1 0 5 2 3 13 8 6 4 11 7 9 10 14 12
15,18,2 7 0 3 1 4 8 9 11 5 10 6 12 14 13
15,87,14 13 10 2 9 12 11 8 6 4 3 7 5 1 0
15,17,0 4 5 1 10 2 6 7 3 9 11 8 13 12 14
15,89,14 12 10 7 11 13 5 8 9 4 6 0 3 2 1
15,16,4 0 1 2 3 5 7 8 12 11 9 10 6 14 13
15,88,12 14 13 9 10 3 11 6 7 8 5 0 4 2 1
15,12,1 3 2 0 6 5 4 9 7 8 10 14 11 12 13
15,15,2 3 0 5 1 6 4 12 7 9 8 13 10 11 14
15,92,13 11 10 14 9 12 7 5 8 6 2 3 4 0 1
15,14,1 2 6 4 7 0 3 8 5 9 10 11 14 12 13
15,91,11 12 13 8 14 9 7 5 10 6 3 4 2 1 0
15,13,0 4 2 3 1 6 7 8 9 11 5 12 10 14 13
15,96,13 14 10 12 11 9 7 5 8 4 3 6 2 0 1
15,11,0 1 3 2 7 4 11 5 8 6 9 10 13 12 14
15,93,14 11 12 13 7 9 6 8 10 3 5 4 2 1 0
15,95,13 14 12 9 11 10 4 6 8 7 5 2 3 1 0
15,97,11 12 13 14 10 8 9 7 6 4 5 3 2 1 0
15,10,0 1 3 4 5 6 2 7 10 11 12 8 9 13 14
15,94,12 14 13 10 5 11 9 8 7 4 6 3 1 0 2
15,9,0 1 2 3 4 6 5 9 12 7 11 8 10 13 14
15,8,0 1 5 2 3 4 7 8 9 6 11 10 13 12 14
15,98,14 13 12 11 9 10 7 5 8 6 2 4 3 0 1
15,7,0 3 2 4 5 1 7 6 8 9 10 11 13 12 14
15,6,0 1 2 3 6 4 5 8 7 9 11 12 10 14 13
15,100,14 13 11 10 12 9 6 8 7 5 4 3 1 2 0
15,99,13 14 12 11 10 7 9 8 5 6 4 3 1 0 2
16,62,0 8 11 12 5 4 14 10 13 1 9 15 3 6 2 7
16,60,10 6 9 2 4 15 7 0 13 8 5 12 3 14 1 11
16,56,8 3 11 1 9 13 7 0 4 14 5 15 12 6 10 2
16,47,0 14 6 1 4 15 2 7 9 13 8 5 3 12 11 10
16,41,0 3 10 4 12 2 13 1 14 7 5 11 6 9 15 8
16,68,14 9 2 13 4 12 1 10 3 8 11 0 6 15 7 5
16,73,12 11 8 4 9 10 14 1 15 13 0 3 2 6 5 7
16,49,11 6 4 12 0 7 2 5 8 14 10 1 9 3 15 13
16,66,5 6 11 10 1 7 14 9 12 15 13 4 0 8 2 3
16,72,9 7 10 1 14 6 15 13 4 5 2 12 11 0 8 3
16,48,14 4 7 8 0 5 13 3 1 2 10 11 9 6 12 15
16,53,12 1 6 4 13 7 10 2 5 11 9 3 8 14 0 15
16,52,1 11 13 14 8 0 2 5 3 10 15 4 6 9 7 12
16,54,7 3 2 6 12 1 8 11 14 15 13 4 5 9 10 0
16,55,11 9 3 1 0 8 10 6 7 15 4 14 13 5 2 12
16,51,6 3 5 9 11 0 13 7 2 10 8 14 15 12 4 1
16,57,8 4 1 14 9 7 5 15 10 6 0 3 12 2 13 11
16,63,12 11 0 10 1 7 15 3 13 9 2 6 5 8 14 4
16,82,13 14 2 15 8 4 6 11 12 10 1 9 3 7 0 5
16,46,0 2 9 3 13 10 7 5 8 15 12 1 11 4 14 6
16,69,14 1 13 2 3 11 10 6 12 15 8 7 0 9 5 4
16,40,11 0 2 10 1 7 8 6 4 9 5 13 3 15 14 12
16,64,3 14 2 7 0 13 15 12 9 6 1 11 4 10 8 5
16,44,13 1 2 4 8 7 9 10 5 3 11 15 0 12 6 14
16,35,3 0 8 2 5 4 11 7 9 10 12 14 15 13 6 1
16,59,11 4 14 2 3 9 12 0 6 1 15 13 10 5 8 7
16,42,5 4 1 0 7 14 15 6 3 11 8 9 10 12 2 13
16,50,14 7 0 2 13 4 5 10 1 11 6 15 3 8 9 12
16,83,15 11 9 10 8 12 4 6 13 1 2 14 0 7 3 5
16,58,15 0 1 12 4 9 11 2 6 13 14 7 8 10 3 5
16,65,6 1 13 10 14 4 9 11 5 7 3 15 8 0 2 12
16,70,9 6 7 12 14 13 5 3 11 10 0 1 8 2 4 15
16,67,10 15 2 9 13 8 11 5 0 3 7 1 6 4 12 14
16,71,14 3 13 12 11 6 4 2 1 8 5 7 15 10 0 9
16,74,12 6 11 9 10 3 14 7 5 1 13 4 2 15 0 8
16,75,13 7 12 3 11 2 8 9 10 5 6 15 14 1 4 0
16,43,1 15 0 8 2 5 7 12 9 4 13 6 11 3 10 14
16,78,10 9 14 3 15 13 11 2 7 4 5 1 12 0 6 8
16,84,14 7 15 9 13 4 8 11 3 10 0 12 2 5 1 6
16,86,12 4 14 8 15 11 13 3 5 9 7 10 2 1 0 6
16,76,11 15 3 14 4 12 1 9 2 13 7 10 6 5 0 8
16,77,15 13 11 12 2 9 14 0 6 1 3 8 4 5 10 7
16,39,0 6 2 3 14 9 1 5 7 15 10 12 13 4 11 8
16,80,11 12 10 7 13 8 15 5 0 4 6 1 14 9 2 3
16,45,5 6 8 1 3 2 7 12 15 13 9 10 4 0 14 11
16,85,14 11 13 3 7 15 12 8 9 2 0 4 10 5 6 1
16,87,13 8 15 10 11 1 9 14 6 12 5 2 4 3 0 7
16,61,5 2 13 7 14 3 8 15 0 12 11 1 10 4 6 9
16,37,0 2 4 6 7 11 5 15 13 8 9 1 3 14 10 12
16,79,7 14 1 15 11 8 4 12 13 2 10 6 9 5 0 3
16,90,8 15 14 5 13 9 7 12 6 11 10 1 0 3 2 4
16,33,3 0 5 8 9 1 6 14 4 11 7 12 10 2 13 15
16,31,1 2 5 9 4 3 0 8 11 7 15 14 12 6 10 13
16,38,2 11 0 4 1 10 9 15 3 5 6 12 14 7 8 13
16,81,15 13 6 11 9 5 14 1 4 0 12 8 3 10 2 7
16,94,12 10 15 13 9 14 4 11 8 5 2 0 3 7 6 1
16,34,2 4 3 10 11 7 0 1 6 13 5 8 14 12 15 9
16,89,8 12 14 11 9 15 13 4 5 2 7 6 10 0 3 1
16,91,15 8 6 12 11 13 10 14 5 9 0 4 7 2 1 3
16,36,4 1 3 5 7 9 11 14 2 0 10 15 6 8 13 12
16,96,15 14 12 10 8 9 4 6 13 11 0 3 5 7 2 1
16,27,5 1 4 2 0 7 6 8 9 15 3 13 14 10 11 12
16,93,7 9 14 15 13 6 12 11 8 2 10 5 1 4 0 3
16,92,13 14 15 11 2 12 5 9 10 6 4 7 1 3 0 8
16,88,14 11 12 8 6 13 7 10 2 9 15 0 4 5 1 3
16,28,7 0 1 4 2 9 8 3 10 5 13 14 15 6 12 11
16,30,2 7 1 0 6 3 9 8 11 14 5 4 13 15 10 12
16,95,13 11 15 14 12 9 8 5 0 10 7 2 1 4 3 6
16,21,4 0 2 5 6 1 8 3 7 13 11 9 14 12 15 10
16,32,0 9 6 1 10 5 3 2 4 8 12 11 15 14 7 13
16,24,2 4 3 0 5 1 7 10 11 13 12 6 8 15 9 14
16,97,13 15 14 11 7 9 12 8 6 2 10 1 3 0 4 5
16,16,0 1 2 3 4 7 5 6 10 13 8 14 15 11 12 9
16,20,4 7 1 0 3 5 8 6 9 10 2 11 12 15 13 14
16,29,0 4 1 6 15 2 3 7 8 14 5 9 13 10 12 11
16,22,6 0 3 2 5 4 8 7 1 9 10 13 14 15 12 11
16,26,4 1 3 2 0 6 11 8 9 7 10 13 14 15 5 12
16,25,0 6 3 1 5 8 2 9 14 4 7 12 13 11 10 15
16,101,14 13 12 9 11 8 15 5 7 3 4 6 10 2 1 0
16,19,2 1 3 0 8 5 4 6 13 10 7 11 12 9 15 14
16,99,15 13 14 9 10 12 11 8 4 3 0 6 2 7 1 5
16,102,15 14 13 11 10 5 9 8 6 12 4 0 7 2 1 3
16,98,15 12 13 7 11 10 8 6 1 14 5 9 4 3 0 2
16,23,2 0 1 7 5 9 11 6 3 4 8 13 14 10 12 15
16,100,15 12 13 14 10 7 9 6 8 11 5 1 0 2 3 4
16,106,15 13 12 14 11 6 9 10 8 4 2 7 3 1 5 0
16,15,4 2 0 1 5 3 7 8 9 6 10 14 13 11 12 15
16,18,1 0 3 2 4 7 10 9 5 8 11 15 6 13 12 14
16,104,13 11 15 12 9 10 14 8 6 7 2 3 5 1 4 0
16,12,1 2 3 0 4 5 7 11 6 8 9 12 14 13 10 15
16,103,15 11 14 13 10 7 12 5 9 3 6 2 4 8 1 0
16,109,15 14 11 9 13 12 6 10 8 5 7 4 2 1 3 0
16,107,15 14 11 13 12 9 10 5 7 6 8 0 4 2 3 1
16,105,14 13 15 11 12 10 7 8 6 3 9 2 4 1 0 5
16,14,3 1 0 5 2 7 4 6 9 8 11 13 14 10 12 15
16,17,0 2 1 7 5 3 9 6 4 8 12 10 15 11 14 13
16,108,15 14 11 10 12 9 13 8 5 6 7 1 4 3 2 0
16,13,2 0 3 1 4 7 6 8 5 11 9 12 15 10 13 14
16,11,0 4 1 2 3 7 5 6 9 13 8 10 11 12 15 14
16,10,1 3 2 0 5 4 7 6 11 8 9 10 12 14 13 15
16,110,15 13 14 12 11 9 10 8 3 7 1 6 5 4 2 0
16,9,2 0 1 3 5 6 4 9 8 7 12 10 11 13 14 15
16,112,14 15 12 11 10 13 9 8 4 6 7 5 3 2 1 0
16,111,15 12 14 13 11 9 10 4 8 7 3 6 5 2 1 0
16,8,1 0 2 3 4 5 6 7 9 8 13 10 12 14 15 11
17,63,0 7 16 8 6 5 3 12 10 4 13 9 14 15 2 11 1
17,54,4 13 9 6 1 11 8 2 12 3 0 14 7 5 10 16 15
17,76,4 3 6 13 16 10 9 11 0 15 8 14 12 5 7 1 2
17,57,2 8 4 14 10 1 11 7 9 15 3 0 12 13 5 16 6
17,78,13 2 3 15 14 8 4 16 11 9 1 10 5 7 0 12 6
17,83,16 8 3 10 4 9 14 7 15 12 5 6 0 13 2 11 1
17,67,15 5 12 1 7 0 16 10 6 4 3 14 9 8 2 11 13
17,82,12 3 13 10 7 11 6 15 5 9 2 16 1 8 4 0 14
17,80,13 11 9 1 8 16 2 15 5 7 0 6 14 12 10 3 4
17,84,13 11 0 8 14 15 7 5 6 10 3 9 16 12 2 4 1
17,94,15 16 0 14 11 10 7 1 6 12 8 13 5 4 9 2 3
17,77,11 12 1 9 16 14 13 3 0 2 8 15 5 4 10 7 6
17,49,1 4 7 12 0 16 9 3 6 13 11 2 8 5 15 10 14
17,68,7 1 16 10 6 14 15 8 2 5 0 11 3 4 12 9 13
17,70,8 14 16 0 4 7 10 5 12 13 1 11 2 6 3 15 9
17,62,14 3 9 4 11 10 7 0 8 13 6 5 1 2 12 15 16
17,61,12 4 8 0 9 7 15 10 5 2 1 14 3 16 11 13 6
17,71,10 15 2 9 5 14 8 7 11 0 1 4 6 13 16 12 3
17,64,3 9 0 2 14 6 11 16 7 15 8 13 12 1 10 4 5
17,53,3 12 7 2 11 0 9 5 10 8 14 4 1 16 13 6 15
17,60,4 2 16 5 7 9 1 12 13 15 3 6 14 0 10 11 8
17,66,7 8 0 13 12 14 1 5 9 4 16 10 6 3 15 11 2
17,45,2 3 13 1 5 4 10 8 11 6 12 15 9 14 7 16 0
17,39,8 3 10 1 0 4 7 2 11 16 9 5 12 6 14 15 13
17,46,1 11 16 3 2 0 4 7 10 8 14 5 12 6 15 13 9
17,52,7 1 2 3 8 14 12 5 9 6 16 13 10 4 15 0 11
17,59,11 6 7 8 10 4 12 1 14 2 3 0 5 13 16 15 9
17,75,7 4 0 14 16 1 15 13 11 9 2 12 10 3 5 8 6
17,65,3 2 14 16 8 7 4 5 0 12 15 9 10 13 6 11 1
17,44,8 0 1 4 15 6 3 5 11 9 16 10 13 7 2 12 14
17,55,13 3 5 11 10 0 6 9 8 4 1 2 12 7 16 15 14
17,56,9 1 8 0 10 16 13 5 4 2 6 14 3 12 11 15 7
17,43,2 5 4 7 3 1 9 8 10 0 15 16 14 13 12 11 6
17,89,14 5 12 15 2 13 16 1 7 4 10 9 11 6 8 3 0
17,72,5 12 16 2 15 3 9 0 8 13 10 1 7 14 4 11 6
17,79,2 16 5 8 14 10 15 7 4 1 11 13 3 12 9 0 6
17,40,2 1 5 12 15 8 3 6 7 10 4 0 9 11 13 14 16
17,73,13 10 6 15 16 2 8 0 11 1 4 5 7 3 14 12 9
17,69,7 9 4 15 0 6 8 13 12 3 14 16 1 10 11 5 2
17,81,16 13 9 12 0 5 4 8 3 14 7 6 10 11 15 2 1
17,42,4 0 2 13 1 11 8 9 3 5 10 16 12 7 15 6 14
17,58,1 8 9 11 12 5 7 16 0 6 2 14 3 4 13 15 10
17,85,12 13 14 16 8 11 0 2 10 3 1 6 15 9 4 5 7
17,97,13 3 15 12 10 16 5 9 11 8 1 7 4 14 6 2 0
17,74,9 13 2 5 8 12 11 0 16 6 7 15 10 14 1 4 3
17,47,10 3 9 11 1 12 0 5 2 6 8 4 14 7 16 15 13
17,86,9 15 5 1 13 12 10 8 14 2 11 7 16 4 3 6 0
17,91,6 16 1 10 15 4 13 12 11 14 8 5 9 0 7 3 2
17,48,6 0 14 8 2 9 13 3 1 7 11 5 12 4 15 10 16
17,50,4 0 10 12 7 3 8 9 2 13 5 15 14 6 1 11 16
17,87,15 5 13 4 12 11 1 14 8 2 16 10 0 9 7 6 3
17,92,5 15 13 8 9 14 11 10 12 2 16 3 6 0 4 7 1
17,38,2 8 0 4 10 5 14 1 6 7 3 16 11 12 15 9 13
17,90,15 9 3 11 14 16 13 10 6 4 0 8 1 7 2 5 12
17,51,0 4 6 1 16 8 15 3 12 7 10 13 9 2 5 11 14
17,98,16 7 11 15 10 8 6 12 3 5 9 14 4 2 13 0 1
17,30,0 4 3 1 5 2 14 7 10 12 6 8 15 16 11 13 9
17,93,9 16 5 7 13 11 8 12 10 15 6 2 14 0 4 3 1
17,96,11 13 12 10 2 15 14 16 9 5 3 6 7 1 0 8 4
17,33,1 0 9 5 2 10 8 3 13 4 7 11 14 15 12 16 6
17,36,6 0 9 4 2 8 10 3 7 5 14 12 1 11 15 13 16
17,88,15 4 9 13 0 12 16 14 6 11 2 7 10 1 8 5 3
17,99,6 9 14 13 15 10 12 16 5 11 8 2 4 3 0 1 7
17,41,0 4 2 1 5 16 8 14 6 9 13 3 10 12 15 11 7
17,95,16 13 8 12 15 3 7 2 9 11 1 5 14 10 6 4 0
17,37,2 1 5 0 4 13 7 16 6 3 10 9 14 12 15 8 11
17,102,12 14 7 13 9 15 16 4 6 5 11 8 10 3 1 0 2
17,31,2 1 3 4 7 0 8 12 9 11 15 6 13 10 16 5 14
17,100,13 16 15 14 6 10 9 3 8 0 4 11 12 2 5 7 1
17,109,16 14 15 13 6 9 7 8 4 5 12 10 11 2 1 3 0
17,103,13 15 16 7 1 12 11 14 9 3 10 4 8 6 2 5 0
17,29,0 1 5 2 7 8 9 13 10 6 3 11 16 12 4 14 15
17,35,0 1 3 7 9 15 6 10 2 8 5 13 4 11 16 12 14
17,101,15 8 10 13 6 16 12 9 11 7 2 14 5 0 1 4 3
17,105,13 12 16 4 14 11 9 8 15 1 7 10 6 2 3 5 0
17,106,14 15 13 12 8 11 6 4 9 10 7 5 0 3 2 16 1
17,107,13 16 11 14 15 10 12 4 5 7 0 8 9 3 1 6 2
17,104,16 15 12 4 9 6 11 14 13 8 5 3 2 7 10 0 1
17,34,2 3 1 8 6 4 0 5 7 15 12 16 13 14 9 10 11
17,24,0 1 2 3 5 6 7 13 14 4 11 12 8 15 9 16 10
17,32,8 2 1 4 5 0 10 3 15 9 11 6 12 7 13 16 14
17,116,16 13 14 9 15 12 8 5 11 6 10 7 3 1 2 0 4
17,110,12 14 15 13 6 10 9 11 2 16 8 7 4 5 3 1 0
17,108,6 14 16 13 7 15 12 9 11 5 8 3 2 10 4 1 0
17,114,10 13 15 16 14 12 8 5 11 4 9 7 6 3 0 1 2
17,26,4 2 1 0 3 7 10 9 6 5 16 12 8 13 11 14 15
17,27,0 1 3 4 2 10 5 14 11 8 6 13 15 7 9 16 12
17,25,0 2 1 3 11 4 7 10 6 13 9 8 12 14 15 5 16
17,113,9 16 12 13 15 10 11 8 14 7 6 3 2 4 1 0 5
17,111,12 16 13 14 11 9 8 10 6 2 5 4 15 7 1 3 0
17,28,0 4 1 2 5 8 12 3 6 11 13 10 15 16 7 14 9
17,112,16 13 12 15 10 11 14 3 8 1 9 7 6 2 4 0 5
17,123,15 16 13 11 10 14 9 8 7 12 6 5 4 0 2 3 1
17,20,2 0 4 3 1 5 8 15 6 9 10 7 12 13 11 16 14
17,23,2 4 1 0 3 5 11 6 10 8 12 14 7 13 16 9 15
17,22,0 1 2 4 3 8 5 13 7 11 9 6 14 15 16 12 10
17,16,0 5 1 2 4 12 6 3 7 8 9 10 11 14 16 13 15
17,21,1 2 0 3 5 4 6 15 8 7 12 10 14 11 13 9 16
17,19,0 1 2 3 4 6 13 9 15 5 7 8 11 10 12 14 16
17,12,4 0 2 5 1 3 6 7 8 9 13 12 10 11 14 15 16
17,115,14 13 16 12 15 11 4 9 10 6 5 7 3 1 8 0 2
17,117,11 16 15 13 10 9 12 14 5 7 8 6 3 1 2 4 0
17,18,7 1 4 0 2 3 5 9 6 10 8 11 14 13 12 16 15
17,17,0 1 6 2 5 7 9 8 4 10 11 3 12 14 13 15 16
17,118,16 12 14 10 7 13 15 11 9 4 8 5 6 3 1 2 0
17,124,16 14 12 15 13 8 10 11 9 7 6 5 3 1 0 4 2
17,15,4 0 5 2 6 1 3 9 7 8 12 10 11 13 15 14 16
17,119,13 15 14 16 12 11 2 10 9 8 7 4 6 5 0 3 1
17,122,15 12 14 16 13 8 11 10 9 5 4 7 3 6 1 2 0
17,121,16 15 14 13 6 9 12 11 10 7 2 8 4 5 3 1 0
17,120,16 15 12 14 9 11 13 8 5 10 7 3 4 6 0 1 2
17,13,0 1 3 6 2 5 7 4 8 10 9 11 14 15 16 12 13
17,14,3 1 0 2 7 5 10 4 8 6 9 11 12 13 15 14 16
17,126,16 15 12 13 11 14 9 8 10 7 6 5 1 4 3 0 2
17,11,1 0 3 2 4 6 7 9 8 5 10 11 12 14 16 15 13
17,9,0 1 2 3 6 4 7 8 5 11 9 10 12 13 16 15 14
17,125,16 13 14 11 10 15 9 12 7 8 6 5 4 2 1 3 0
18,57,9 12 6 0 11 4 1 3 5 10 14 17 2 16 8 7 13 15
18,93,10 15 4 14 9 6 5 17 16 0 12 3 8 2 11 13 7 1
18,71,12 1 9 7 14 0 13 16 3 5 8 11 10 6 15 2 4 17
18,86,15 3 16 9 12 5 4 17 10 8 1 0 11 2 13 14 6 7
18,73,6 2 12 5 14 15 7 8 16 0 10 1 17 3 13 11 9 4
18,63,3 2 17 12 1 5 9 15 0 4 14 11 10 6 8 16 7 13
18,87,9 15 7 14 16 0 5 2 12 17 6 11 3 1 13 4 10 8
18,69,3 2 1 13 14 12 7 15 5 10 16 6 17 0 4 9 11 8
18,59,8 4 0 6 7 10 3 11 12 16 15 9 14 2 5 13 17 1
18,67,9 6 1 10 8 4 12 2 15 14 11 7 5 17 0 13 16 3
18,85,8 6 4 9 17 13 14 11 10 15 2 5 0 7 3 16 1 12
18,70,0 14 2 6 9 11 12 15 10 3 5 17 7 8 13 16 4 1
18,68,6 13 1 11 12 14 4 2 3 10 9 15 7 0 16 5 8 17
18,81,13 11 6 9 7 3 5 2 17 15 10 1 14 8 0 12 4 16
18,72,13 10 6 9 7 5 1 0 2 17 11 15 4 16 12 3 8 14
18,78,15 3 0 12 13 16 10 7 2 4 14 6 5 1 17 9 11 8
18,54,0 8 2 7 9 11 16 1 5 14 10 6 13 12 15 3 4 17
18,80,11 1 3 14 13 2 12 15 5 10 8 17 9 16 4 6 0 7
18,94,16 8 13 11 17 2 5 6 4 10 14 3 7 15 9 0 12 1
18,82,16 0 12 2 3 13 17 15 7 11 5 6 14 1 4 10 9 8
18,89,10 14 7 9 1 17 11 6 13 8 15 4 2 0 12 5 16 3
18,83,11 3 17 14 9 12 6 2 1 7 10 8 5 4 16 0 15 13
18,60,2 4 9 6 8 0 5 10 13 15 16 17 12 14 3 11 1 7
18,101,5 11 14 16 15 13 4 17 6 1 12 9 0 8 7 10 2 3
18,92,6 10 9 11 12 4 15 16 17 2 14 13 5 0 7 8 1 3
18,77,0 14 11 15 6 3 13 4 2 17 1 7 16 10 12 9 8 5
18,62,17 9 0 2 8 11 3 6 12 4 5 7 16 14 10 1 15 13
18,103,17 16 6 10 3 5 12 13 15 14 9 7 2 1 4 0 11 8
18,56,1 14 7 3 16 4 10 0 8 2 5 11 13 12 9 17 15 6
18,52,7 2 1 13 16 0 3 5 8 12 15 4 11 10 6 14 9 17
18,95,16 14 4 11 7 3 9 13 15 2 12 8 6 0 10 17 5 1
18,90,15 14 8 6 11 10 7 9 17 4 0 2 1 12 3 13 16 5
18,84,9 14 1 13 12 6 11 4 16 8 15 0 10 3 2 5 7 17
18,55,7 2 9 17 4 11 3 5 0 8 10 12 1 6 16 14 15 13
18,66,2 6 13 14 4 11 7 5 1 12 9 0 17 16 8 3 10 15
18,64,2 8 9 15 1 0 10 6 12 16 14 7 4 3 13 17 11 5
18,96,10 6 8 14 9 7 13 17 4 2 16 15 12 11 0 5 3 1
18,61,0 3 12 4 6 11 15 7 9 2 17 10 14 8 5 16 13 1
18,74,8 11 14 7 17 0 2 4 3 15 9 1 12 16 10 5 13 6
18,58,5 14 1 4 3 17 6 10 8 9 2 7 12 16 0 11 15 13
18,48,6 1 3 0 16 4 12 9 5 7 13 2 15 8 17 11 14 10
18,109,16 15 3 10 13 17 11 8 14 7 2 5 1 6 9 4 12 0
18,88,14 5 3 8 17 9 7 0 13 15 11 16 10 6 4 12 1 2
18,50,0 2 11 13 5 4 7 6 8 16 10 17 1 12 3 9 14 15
18,79,4 1 0 16 9 12 17 6 14 13 15 5 8 2 11 10 7 3
18,104,14 17 15 10 16 4 8 6 5 12 2 0 9 7 1 13 11 3
18,108,16 11 17 14 1 13 9 8 3 7 10 2 15 12 6 4 0 5
18,76,14 5 6 3 16 8 4 2 17 11 15 12 0 1 7 9 13 10
18,113,16 10 15 17 12 5 13 14 11 1 4 7 3 6 0 8 9 2
18,65,7 8 1 2 16 3 5 0 13 17 11 12 15 9 14 6 10 4
18,105,15 16 7 11 14 12 13 5 1 4 8 17 2 10 0 9 3 6
18,75,5 11 4 13 9 14 17 10 0 1 7 12 3 6 15 8 2 16
18,51,7 1 4 2 10 13 6 0 14 12 16 3 5 15 9 8 17 11
18,91,11 13 8 17 7 14 16 0 1 15 5 2 10 6 3 9 4 12
18,53,5 4 2 1 7 15 8 0 13 10 14 3 17 11 12 16 6 9
18,97,12 9 15 13 5 4 10 8 2 16 11 17 14 6 0 3 7 1
18,42,4 11 3 2 1 0 16 5 6 14 9 7 8 13 10 17 12 15
18,40,1 6 8 9 3 0 4 10 11 2 12 13 16 5 17 15 7 14
18,112,16 13 11 9 14 8 15 0 17 10 7 3 12 5 1 4 6 2
18,98,7 16 4 17 11 9 14 10 6 12 5 13 2 0 8 1 15 3
18,110,4 13 17 8 16 15 12 11 6 2 14 7 1 10 5 9 3 0
18,102,15 11 10 17 14 5 16 0 6 13 8 9 2 1 3 4 12 7
18,100,16 15 8 5 12 17 13 11 0 6 1 3 9 14 2 10 7 4
18,123,16 14 8 11 13 17 15 9 12 6 5 1 7 4 3 10 2 0
18,107,17 12 14 11 8 9 15 7 2 5 3 10 4 13 6 16 0 1
18,106,2 15 12 17 16 14 9 7 4 11 3 8 10 6 1 13 0 5
18,99,3 17 15 7 8 13 11 10 12 16 2 5 1 9 14 4 6 0
18,49,1 12 5 6 11 3 10 0 9 14 2 4 15 7 8 13 17 16
18,45,8 10 5 1 2 7 0 3 12 13 16 4 14 6 9 11 15 17
18,39,4 0 8 3 6 5 9 1 12 10 14 16 7 13 2 11 17 15
18,44,0 9 10 11 6 1 3 2 4 8 5 12 17 15 14 13 7 16
18,37,1 2 6 5 0 10 11 9 4 12 7 16 3 8 15 17 13 14
18,35,9 1 3 0 6 4 7 2 11 5 12 15 14 16 10 8 17 13
18,41,1 2 10 8 6 0 17 4 5 7 11 3 13 12 9 15 16 14
18,111,10 15 5 14 9 11 16 13 7 8 6 17 4 3 12 2 0 1
18,46,1 0 2 5 10 13 3 11 12 14 9 6 15 8 16 17 4 7
18,38,0 10 3 1 6 5 9 11 7 4 8 14 2 17 13 16 12 15
18,115,14 7 16 15 13 10 9 8 17 11 2 4 6 5 3 0 12 1
18,122,14 16 17 9 15 12 1 13 11 6 10 4 8 0 7 3 5 2
18,114,16 13 14 1 17 2 12 11 9 10 15 6 7 5 8 4 3 0
18,116,17 15 11 12 6 13 4 16 9 5 14 10 1 8 2 3 7 0
18,33,2 3 6 8 5 0 4 7 16 1 10 9 12 15 11 14 17 13
18,47,2 9 3 6 1 13 0 15 12 5 11 7 8 4 10 14 17 16
18,43,15 2 0 8 6 3 1 4 5 11 9 12 13 17 16 7 10 14
18,36,2 7 0 1 8 4 10 13 14 3 6 15 9 11 5 12 16 17
18,124,14 15 12 17 11 16 8 10 6 9 7 2 5 13 1 0 3 4
18,117,16 14 12 17 7 6 4 15 10 13 5 11 1 9 3 8 0 2
18,31,2 0 1 5 8 7 3 9 10 13 6 12 11 17 15 16 4 14
18,125,16 17 10 15 13 7 14 11 12 3 5 8 6 9 0 1 4 2
18,29,0 2 4 8 1 5 9 6 10 3 12 15 11 17 13 16 7 14
18,32,0 2 3 1 4 9 6 11 13 8 5 17 15 10 14 12 7 16
18,118,16 14 13 15 0 17 9 11 4 12 6 10 8 7 3 1 5 2
18,119,16 6 14 15 13 10 8 11 17 2 12 9 7 5 3 0 1 4
18,121,14 16 8 17 13 9 15 10 3 12 11 6 0 5 7 2 4 1
18,34,2 6 11 3 0 4 5 7 9 15 1 8 13 16 10 12 14 17
18,120,17 13 14 9 16 6 11 5 15 4 12 10 7 1 3 2 8 0
18,128,13 11 16 17 15 10 14 7 8 12 2 6 5 9 3 4 1 0
18,127,13 12 17 7 16 14 15 10 9 11 6 4 5 3 0 8 2 1
18,28,1 0 4 9 5 2 3 7 6 17 8 14 10 11 15 13 16 12
18,27,3 1 0 8 2 6 9 7 5 12 14 4 11 15 10 13 16 17
18,23,1 0 2 6 3 5 9 12 11 4 7 10 13 15 8 17 14 16
18,30,0 1 6 3 7 8 4 14 2 12 5 9 16 10 13 17 11 15
18,130,16 17 10 15 14 9 7 13 12 11 8 2 3 4 5 6 1 0
18,126,12 14 17 15 10 8 13 7 16 6 11 3 9 4 5 2 0 1
18,22,2 5 1 0 4 3 8 7 11 12 9 10 14 6 13 16 15 17
18,24,1 3 4 0 2 5 8 13 14 6 9 7 10 17 11 12 15 16
18,25,0 1 6 4 5 7 2 11 3 10 9 13 8 15 16 14 17 12
18,129,16 17 12 15 11 5 10 8 9 14 6 13 7 4 3 0 2 1
18,132,16 17 14 15 12 11 10 5 9 13 7 3 8 1 0 6 4 2
18,26,0 1 8 5 4 2 9 3 6 12 10 11 14 13 16 15 17 7
18,131,16 13 15 17 12 14 8 11 7 3 10 5 9 2 6 0 4 1
18,133,14 15 17 11 13 8 16 10 7 12 6 9 5 1 4 3 2 0
18,18,0 1 3 2 7 6 4 5 10 14 8 11 9 13 12 17 16 15
18,19,2 0 1 5 3 6 4 9 13 12 7 8 10 14 16 11 15 17
18,20,3 4 0 1 8 5 6 2 9 10 7 13 12 11 14 17 16 15
18,138,16 15 12 17 14 10 11 9 13 7 8 6 4 3 2 0 5 1
18,135,15 17 13 16 14 12 10 4 11 7 9 8 3 5 1 6 2 0
18,21,1 2 3 4 5 6 7 0 10 9 13 14 12 8 16 15 11 17
18,17,1 2 5 3 6 4 0 10 7 8 9 11 12 16 13 17 14 15
18,136,16 17 14 15 10 13 9 12 8 5 11 7 6 3 1 0 2 4
18,134,13 15 17 16 14 10 4 12 9 11 8 7 5 3 6 1 2 0
18,15,3 1 2 4 7 5 0 6 9 8 11 12 10 14 15 13 16 17
18,16,0 2 1 3 5 7 8 6 9 11 4 13 14 12 10 16 15 17
18,13,2 0 1 3 4 5 7 6 9 8 12 13 10 14 17 15 11 16
18,140,17 16 14 10 13 12 15 11 8 9 5 6 4 7 3 1 2 0
18,139,17 16 15 13 12 14 10 11 2 9 8 7 4 6 3 5 0 1
18,137,16 17 15 11 12 6 14 13 10 9 7 8 5 4 3 0 1 2
18,141,15 13 17 14 16 11 10 12 8 9 4 7 6 5 3 2 1 0
18,12,0 1 4 6 2 3 7 5 8 10 11 12 13 15 9 14 16 17
19,71,11 9 0 3 2 10 4 15 12 14 13 18 8 1 5 17 16 7 6
19,80,12 8 4 0 7 16 18 2 9 17 10 5 11 1 6 15 3 14 13
19,89,2 18 6 0 12 8 14 17 1 9 15 11 16 13 3 5 10 7 4
19,53,6 3 2 1 15 7 4 11 5 9 18 0 8 17 14 13 10 12 16
19,107,2 14 18 11 7 10 17 15 13 5 4 3 9 12 6 1 8 0 16
19,70,4 5 15 1 9 6 3 2 16 18 7 17 13 0 12 10 14 8 11
19,75,16 12 2 9 0 10 13 4 3 18 6 5 11 1 15 8 7 14 17
19,78,7 15 2 0 17 12 16 4 10 6 3 5 9 13 1 18 11 8 14
19,73,2 16 13 14 7 5 0 11 4 3 10 15 1 6 9 8 18 12 17
19,98,17 9 13 15 18 8 1 16 3 4 2 5 10 0 11 6 14 7 12
19,60,3 0 7 6 9 4 12 16 8 1 13 18 2 15 17 14 5 11 10
19,79,7 12 8 15 2 3 17 0 10 16 11 5 1 14 4 13 9 6 18
19,125,13 17 15 11 9 12 10 16 8 2 6 1 18 7 14 5 0 3 4
19,100,9 5 13 17 11 14 10 15 1 18 8 3 0 4 12 7 2 16 6
19,88,5 12 15 4 1 18 16 11 13 8 6 3 0 10 2 7 9 17 14
19,91,9 0 2 16 18 14 13 11 6 1 17 8 5 3 7 15 12 10 4
19,92,7 5 18 4 6 10 8 13 17 3 14 16 9 11 15 2 0 12 1
19,106,7 18 17 4 6 13 8 16 5 9 10 11 3 2 15 14 12 1 0
19,87,12 16 6 0 7 18 1 8 14 15 2 13 17 3 5 9 10 11 4
19,67,4 2 10 6 12 5 18 7 15 0 1 17 9 3 16 11 13 8 14
19,74,9 2 8 6 10 7 13 1 17 5 11 12 15 16 14 3 4 18 0
19,85,7 6 10 17 15 11 13 4 0 8 1 14 3 5 16 18 2 9 12
19,105,17 12 6 13 14 2 18 0 9 3 15 16 7 8 11 5 4 1 10
19,93,13 16 0 7 11 6 15 12 3 5 18 14 1 9 4 10 8 17 2
19,86,15 7 5 18 13 6 9 4 0 8 3 1 14 11 17 10 16 2 12
19,69,3 0 1 10 9 13 6 12 11 16 5 15 14 18 17 8 2 7 4
19,56,5 11 7 9 0 4 13 1 3 8 17 2 6 10 18 14 16 15 12
19,72,11 1 8 12 9 2 16 14 4 5 6 17 3 0 18 10 7 13 15
19,82,6 11 12 7 16 1 2 15 14 17 10 0 3 5 9 4 18 8 13
19,84,13 1 2 12 5 15 14 7 4 10 18 3 11 17 9 8 16 6 0
19,77,7 0 5 16 13 6 10 3 8 9 11 18 12 14 15 17 4 2 1
19,112,12 3 17 1 14 18 15 16 0 11 8 13 10 6 7 5 2 9 4
19,95,2 6 8 18 11 15 16 10 7 12 5 9 3 14 13 0 4 17 1
19,102,8 17 3 5 18 9 10 13 11 6 14 15 12 2 16 7 0 4 1
19,96,0 9 12 15 6 17 18 4 7 14 11 3 13 10 8 1 5 16 2
19,90,9 14 13 5 17 11 1 15 0 8 7 3 12 4 2 16 10 18 6
19,97,0 13 17 2 18 7 12 5 11 10 15 8 6 16 3 14 9 1 4
19,99,18 1 16 8 2 12 9 14 13 15 4 7 10 11 6 0 3 5 17
19,81,3 6 11 10 9 1 14 17 4 13 8 18 15 2 0 12 16 7 5
19,62,13 2 3 9 12 0 7 5 1 14 15 18 6 11 8 10 4 16 17
19,65,3 2 8 10 18 5 6 14 1 9 17 0 13 4 11 7 15 16 12
19,108,13 12 16 17 11 7 9 0 18 5 3 4 1 15 8 10 6 14 2
19,120,13 9 18 17 10 11 5 15 14 2 12 7 16 1 6 0 4 3 8
19,76,1 10 17 13 2 7 5 8 4 14 12 16 6 18 0 3 11 9 15
19,101,18 11 10 4 16 17 3 12 14 0 1 8 6 13 5 2 7 15 9
19,114,18 17 0 16 12 15 13 1 9 6 10 8 5 3 2 14 4 7 11
19,83,0 14 18 2 11 8 1 9 16 7 3 17 15 10 5 12 4 13 6
19,103,14 6 2 16 13 12 10 0 11 17 5 18 9 8 4 3 7 15 1
19,68,2 15 8 14 0 1 4 5 7 17 11 16 6 18 12 9 3 13 10
19,94,13 15 11 8 6 10 5 7 4 14 18 0 1 9 2 16 12 17 3
19,113,12 14 15 16 18 1 5 8 7 10 13 11 17 6 0 3 9 2 4
19,116,5 14 18 13 9 8 7 15 16 10 6 11 17 4 2 1 3 12 0
19,58,0 3 7 2 13 16 4 9 11 5 18 6 10 17 1 15 8 12 14
19,61,8 1 4 15 5 3 12 11 6 17 2 0 13 7 16 10 9 18 14
19,59,3 10 1 2 9 0 13 4 16 11 18 8 6 7 15 17 5 14 12
19,64,0 1 14 6 11 4 13 2 9 7 12 17 16 8 18 15 3 5 10
19,63,2 4 0 14 3 9 16 6 15 10 13 1 18 11 5 7 17 8 12
19,54,2 0 5 1 8 7 11 12 17 4 16 14 6 13 10 18 9 3 15
19,51,1 0 4 2 11 15 8 3 16 9 7 10 17 6 5 18 14 13 12
19,57,9 15 2 7 0 4 3 8 1 17 13 5 11 10 6 16 14 18 12
19,104,2 10 17 14 13 18 16 7 4 6 1 11 9 3 5 12 15 8 0
19,118,17 0 18 14 15 13 12 3 16 4 10 1 9 11 2 7 8 6 5
19,48,11 3 14 2 4 5 0 1 7 9 15 17 6 8 10 16 12 13 18
19,66,10 0 3 13 16 2 1 5 12 15 14 4 8 6 18 11 17 9 7
19,110,6 12 17 18 16 9 3 11 8 15 7 5 4 1 2 0 10 14 13
19,119,18 4 15 8 17 13 6 9 5 14 16 11 2 10 12 3 7 0 1
19,109,17 6 15 4 13 10 9 18 16 8 2 12 1 11 5 0 3 7 14
19,44,8 3 0 6 4 1 13 2 11 10 5 14 17 9 12 18 7 15 16
19,52,0 1 3 5 18 2 7 13 14 12 9 10 6 16 11 4 8 15 17
19,121,12 18 10 11 17 9 14 4 2 15 13 16 8 1 0 6 7 3 5
19,55,3 1 0 7 18 9 8 6 11 13 10 12 4 2 16 5 17 14 15
19,49,1 0 9 2 5 10 14 3 18 12 13 7 11 4 6 8 15 17 16
19,126,15 12 14 13 16 10 17 3 5 7 11 18 9 8 1 4 2 0 6
19,111,17 3 12 11 15 10 5 16 4 13 7 8 9 14 18 2 6 1 0
19,46,1 2 10 0 5 17 12 4 3 6 8 9 18 7 14 15 16 11 13
19,127,18 15 6 17 14 10 16 9 7 2 13 8 1 5 12 0 11 3 4
19,117,18 6 14 11 12 13 8 15 10 17 0 9 7 3 2 16 1 4 5
19,124,3 17 18 11 12 10 15 16 8 6 14 9 4 1 13 7 0 5 2
19,132,17 18 14 13 12 10 15 16 2 5 11 8 4 1 0 3 9 7 6
19,47,0 4 3 6 8 7 12 5 1 14 11 9 18 17 16 2 10 13 15
19,115,14 12 17 16 2 15 4 13 8 18 10 6 3 0 5 11 7 1 9
19,122,17 13 12 1 11 16 9 15 6 18 14 0 10 3 8 7 5 4 2
19,123,4 17 16 10 11 13 12 18 15 6 14 7 3 8 1 9 0 5 2
19,50,3 11 7 1 0 5 14 9 4 10 2 17 13 6 8 12 18 16 15
19,45,5 2 10 4 1 12 3 0 13 7 11 6 15 14 9 16 17 18 8
19,42,1 3 0 9 5 13 2 4 8 11 12 15 16 17 14 6 7 10 18
19,39,0 2 5 10 3 1 7 4 9 18 8 11 17 13 12 14 15 16 6
19,43,6 0 1 18 4 3 5 9 7 13 8 2 15 12 11 14 10 16 17
19,138,17 16 18 10 8 15 13 5 6 12 14 4 11 9 7 2 0 1 3
19,128,16 10 12 18 11 13 14 8 9 15 17 6 0 5 2 4 1 7 3
19,133,15 18 17 11 6 13 14 16 10 9 3 0 8 12 1 7 5 2 4
19,30,0 2 7 5 10 3 6 8 1 11 9 4 16 13 12 14 17 18 15
19,129,15 18 17 16 8 5 9 13 14 3 2 11 12 10 6 1 0 4 7
19,40,5 1 7 0 3 2 13 10 4 14 11 6 16 8 12 15 18 17 9
19,41,2 0 4 5 1 11 14 7 10 3 13 6 16 15 9 17 8 18 12
19,32,0 3 8 7 4 2 1 13 5 6 12 10 14 9 15 17 11 18 16
19,131,12 14 13 16 18 9 4 15 5 11 17 8 7 6 10 3 2 0 1
19,130,10 18 14 17 13 9 8 4 15 12 11 7 5 3 0 16 6 1 2
19,37,0 7 1 4 9 5 10 2 3 18 8 12 13 14 6 11 16 17 15
19,33,0 3 1 4 12 6 9 7 15 10 2 8 5 13 14 11 16 18 17
19,36,3 0 7 5 4 2 14 1 8 10 15 11 6 12 9 16 17 18 13
19,135,14 17 10 16 13 15 11 8 6 12 5 18 1 7 9 2 4 3 0
19,35,1 6 2 3 10 4 0 14 5 9 11 15 8 7 17 12 13 18 16
19,136,14 10 17 9 16 18 15 13 6 12 4 11 5 7 3 1 2 0 8
19,134,18 17 13 7 11 10 15 5 16 9 6 4 12 8 3 14 2 1 0
19,38,6 2 4 10 0 3 5 7 8 14 1 11 13 17 15 16 9 12 18
19,140,14 18 17 15 8 13 16 12 0 9 11 10 5 7 3 4 2 1 6
19,34,2 4 0 12 1 9 5 3 6 8 7 10 17 16 11 18 13 15 14
19,29,2 0 1 5 3 8 10 12 4 9 11 6 14 15 13 17 16 18 7
19,137,18 17 11 16 15 12 13 14 1 7 8 0 6 10 9 3 5 2 4
19,141,15 14 17 16 18 13 12 4 9 8 11 10 7 2 3 0 1 5 6
19,139,7 17 16 13 18 15 10 12 11 6 9 4 14 2 5 8 3 1 0
19,24,0 1 5 4 2 7 13 11 3 6 10 8 9 16 12 14 15 17 18
19,31,3 2 0 1 7 11 4 5 13 6 16 8 12 9 15 14 10 18 17
19,144,18 13 9 11 17 16 12 10 14 7 6 15 8 5 4 1 3 2 0
19,143,15 13 18 12 17 16 14 10 8 7 3 5 9 4 11 2 6 0 1
19,28,1 0 8 4 6 2 5 9 3 7 10 15 14 11 17 13 18 12 16
19,142,18 15 12 10 17 16 14 13 6 4 8 11 9 3 5 0 2 7 1
19,26,0 3 2 4 1 5 8 9 10 12 13 14 7 15 11 17 6 18 16
19,27,0 5 4 1 6 2 10 7 3 9 8 11 13 17 15 18 16 12 14
19,145,15 13 12 18 17 14 11 9 6 5 10 8 16 4 7 3 2 1 0
19,146,18 17 15 11 13 10 16 12 8 9 6 4 5 14 3 7 0 1 2
19,148,12 14 16 17 13 18 15 11 9 10 6 8 4 7 3 2 1 5 0
19,25,6 3 1 4 7 2 8 0 10 5 9 13 11 15 12 14 16 18 17
19,21,1 3 5 6 2 7 0 8 9 4 13 12 11 10 14 15 16 18 17
19,23,0 2 1 4 6 3 5 7 9 17 8 16 10 13 11 12 15 18 14
19,19,0 1 2 3 6 5 9 10 11 8 12 4 7 15 13 16 14 17 18
19,151,18 17 14 16 11 15 13 7 6 10 8 12 5 3 4 9 2 1 0
19,150,16 14 18 17 15 11 7 10 13 5 12 9 8 3 6 4 2 0 1
19,22,0 6 3 7 1 2 4 5 10 8 12 9 14 11 15 18 13 17 16
19,147,15 18 12 17 16 14 9 10 3 13 5 11 8 7 4 6 2 1 0
19,149,15 17 18 16 13 11 12 14 10 8 6 9 7 2 0 1 5 3 4
19,17,0 1 3 6 2 9 7 4 5 8 10 12 11 13 17 18 14 15 16
19,152,18 17 16 6 15 14 13 12 11 7 10 3 9 5 8 1 4 2 0
19,18,1 0 2 3 5 9 7 6 8 4 12 11 17 10 13 14 15 16 18
19,153,14 17 18 13 16 12 11 15 7 10 9 6 5 8 3 0 4 2 1
19,20,0 5 1 2 6 4 7 9 12 3 11 8 13 14 10 15 18 16 17
19,157,16 18 14 17 13 15 12 10 11 9 8 3 4 6 7 5 2 1 0
20,90,8 5 11 14 7 17 10 16 2 15 3 6 0 4 12 9 19 1 13 18
20,87,6 13 10 11 9 1 18 5 19 0 2 3 17 14 7 8 4 15 16 12
20,100,13 14 4 15 6 1 7 16 17 2 10 9 19 18 8 3 11 0 12 5
20,113,18 17 14 13 5 2 7 6 16 12 1 19 0 9 8 10 4 3 11 15
20,68,8 17 0 1 3 6 7 5 19 10 15 9 13 12 4 2 16 14 18 11
20,99,14 8 9 18 17 11 0 12 13 1 6 2 4 7 16 15 3 10 5 19
20,96,0 19 5 1 11 13 14 12 4 10 17 16 8 9 18 7 3 2 6 15
20,125,9 10 5 18 19 12 15 11 16 7 14 8 13 4 1 0 2 17 6 3
20,119,14 2 19 7 15 12 13 16 11 8 18 0 5 6 1 17 4 10 9 3
20,103,15 8 18 9 12 0 11 3 14 16 13 2 7 1 5 19 6 17 4 10
20,75,12 5 6 1 17 14 2 0 16 9 8 7 11 15 3 10 18 4 13 19
20,95,4 19 9 7 10 6 3 11 13 1 17 12 16 18 8 2 15 5 0 14
20,74,3 2 4 10 17 15 8 14 7 0 11 13 1 5 16 12 18 19 6 9
20,124,11 18 9 10 15 14 13 5 16 4 3 19 2 8 17 6 1 12 0 7
20,86,14 1 7 15 8 2 4 18 11 6 3 19 0 12 17 13 9 16 10 5
20,89,5 13 4 2 10 3 16 19 6 7 18 12 9 15 14 11 1 8 0 17
20,114,18 9 16 14 6 12 4 5 7 11 8 3 15 2 19 13 10 0 17 1
20,104,1 16 18 12 4 9 8 19 7 6 10 3 14 13 15 2 17 5 0 11
20,92,13 12 11 0 1 16 10 9 7 4 5 18 15 8 14 3 17 2 6 19
20,58,1 0 6 2 10 17 3 13 7 4 12 15 9 14 19 11 16 18 8 5
20,69,17 4 0 8 9 3 2 15 7 5 12 13 11 1 19 6 16 14 18 10
20,139,18 19 17 12 1 8 13 15 16 3 10 14 9 5 4 7 0 11 6 2
20,115,19 18 8 10 7 12 1 17 13 14 4 9 2 0 15 6 3 11 5 16
20,105,4 7 14 15 19 12 8 3 2 6 18 17 16 5 9 1 11 10 0 13
20,85,17 19 2 3 9 1 14 5 18 10 0 6 7 11 13 8 12 4 16 15
20,98,15 19 13 12 5 0 1 8 4 7 6 2 14 18 17 10 16 11 9 3
20,94,11 9 14 12 10 0 17 16 1 4 18 6 2 8 5 3 19 13 15 7
20,93,17 4 13 18 5 0 6 1 15 12 3 10 19 11 7 9 8 14 16 2
20,107,13 3 11 7 2 18 17 1 16 15 5 12 14 10 19 9 0 4 6 8
20,133,4 18 15 17 12 19 16 8 6 13 1 14 11 2 3 10 7 0 5 9
20,70,5 0 8 3 15 19 17 9 6 1 2 11 12 4 13 7 16 14 18 10
20,78,6 11 17 13 4 2 3 8 15 0 14 1 5 16 18 7 10 12 9 19
20,84,2 11 14 7 10 18 1 0 6 5 4 15 19 16 3 17 13 9 12 8
20,80,9 16 3 7 12 6 11 0 2 10 5 18 14 13 15 1 4 19 8 17
20,102,16 0 13 19 2 11 1 9 17 10 18 12 5 3 14 4 8 15 7 6
20,109,15 13 1 0 10 14 12 16 18 7 8 11 19 17 5 4 2 3 6 9
20,120,15 3 17 16 5 8 19 18 11 13 7 6 2 9 12 0 1 14 10 4
20,81,7 4 6 0 10 1 18 11 15 17 12 16 9 19 3 5 8 2 13 14
20,108,10 16 9 8 11 6 2 14 15 18 12 5 17 7 0 3 4 19 13 1
20,118,19 10 14 6 4 17 12 9 11 15 0 7 18 2 8 13 5 16 1 3
20,83,8 2 14 7 1 13 6 16 4 11 5 12 10 18 19 17 0 9 15 3
20,117,18 14 13 16 8 7 9 10 3 6 11 17 1 4 2 0 19 15 5 12
20,60,4 0 1 5 17 10 6 15 16 2 7 3 14 9 18 12 13 8 11 19
20,71,9 19 7 10 2 4 5 6 16 1 0 11 13 8 12 3 15 14 17 18
20,112,0 19 11 10 5 16 15 17 13 14 12 4 1 2 18 3 7 9 6 8
20,77,7 3 10 11 15 0 2 14 12 4 8 19 6 13 17 16 5 1 9 18
20,64,5 0 1 3 4 19 7 17 9 10 15 11 2 18 14 12 6 16 8 13
20,110,11 7 9 5 15 17 12 18 16 0 6 19 3 10 8 14 1 13 2 4
20,116,17 15 6 7 12 4 10 5 19 18 8 13 0 14 9 16 11 1 3 2
20,111,18 5 10 9 17 7 3 14 11 19 2 13 4 16 0 15 1 12 8 6
20,123,10 12 19 18 4 16 8 5 14 17 2 11 13 0 15 1 7 6 3 9
20,79,5 10 2 19 6 0 9 17 14 4 1 11 8 13 15 18 12 3 7 16
20,73,0 15 4 9 13 14 8 5 3 18 7 1 2 6 10 12 19 16 17 11
20,88,17 1 7 8 11 3 10 6 16 18 2 15 5 9 19 4 0 13 14 12
20,106,4 17 11 5 19 9 18 3 6 8 13 14 1 10 16 12 2 15 0 7
20,63,2 5 0 6 9 8 3 14 18 19 11 1 12 7 16 13 4 17 15 10
20,142,4 17 14 13 18 15 11 16 7 12 9 19 3 10 6 2 5 8 1 0
20,97,6 14 11 13 5 9 4 3 17 0 19 12 15 2 10 8 16 7 18 1
20,49,1 4 5 0 7 10 15 8 2 3 16 6 18 12 11 14 19 17 9 13
20,127,17 12 11 16 13 2 5 9 10 4 18 19 14 8 15 7 3 0 6 1
20,101,8 2 18 10 0 12 7 14 17 6 19 5 1 16 15 13 11 4 9 3
20,132,14 17 13 9 7 18 19 4 16 3 8 11 12 2 10 15 5 0 1 6
20,76,13 11 3 12 2 7 1 9 0 15 5 18 4 8 16 17 19 14 6 10
20,91,3 7 11 2 19 10 12 17 5 14 9 6 4 13 16 15 1 0 8 18
20,82,4 13 9 15 6 0 3 10 12 16 2 19 11 8 5 1 18 7 17 14
20,61,6 0 19 2 1 3 7 5 11 16 8 15 13 12 10 17 9 14 18 4
20,66,4 0 8 7 18 16 2 3 14 6 9 5 12 11 10 15 13 1 19 17
20,72,1 18 0 7 14 8 11 3 16 5 6 13 4 10 2 15 12 9 19 17
20,121,19 14 5 18 8 11 17 6 2 13 7 10 1 15 12 3 4 9 16 0
20,130,9 17 16 13 15 18 14 3 11 8 7 0 5 2 12 19 10 1 4 6
20,122,17 19 3 14 5 7 18 13 11 12 6 10 4 9 1 15 0 16 2 8
20,128,11 17 9 15 7 0 19 14 10 12 16 3 18 13 6 8 5 2 1 4
20,67,8 4 3 10 9 17 11 0 2 13 7 1 18 5 12 15 19 6 14 16
20,65,6 11 10 1 13 12 0 8 14 7 4 15 3 2 5 9 16 17 18 19
20,140,17 11 10 16 18 6 19 15 13 9 8 14 12 0 2 1 4 3 7 5
20,131,5 13 18 12 4 16 15 14 11 9 17 7 6 10 19 1 8 3 2 0
20,62,4 0 10 8 7 1 14 3 6 5 16 15 2 18 17 19 11 12 13 9
20,57,5 1 6 17 0 4 11 2 7 14 12 15 3 9 19 10 8 16 18 13
20,59,8 1 5 3 9 6 18 10 14 2 13 0 12 11 4 15 16 7 17 19
20,150,17 15 19 8 3 12 18 16 14 10 11 7 9 6 13 2 4 5 0 1
20,126,7 15 18 13 6 12 14 10 5 17 8 11 16 9 1 3 19 2 0 4
20,54,5 8 1 4 13 6 2 11 7 14 10 12 3 9 16 0 17 18 19 15
20,143,16 19 17 18 15 4 14 9 3 2 13 7 10 12 0 11 6 5 8 1
20,129,15 11 17 19 18 13 5 3 6 7 14 9 16 8 0 10 1 4 12 2
20,144,16 17 11 15 14 19 5 9 6 13 3 12 10 4 8 18 7 2 1 0
20,42,0 4 8 1 2 3 15 12 7 11 5 13 14 6 10 18 9 17 19 16
20,134,18 15 19 7 12 6 2 14 13 11 3 17 16 10 0 9 8 1 5 4
20,135,18 10 16 17 14 11 5 3 9 15 2 19 13 7 12 1 6 0 8 4
20,53,3 2 4 16 5 10 17 0 6 8 1 7 18 9 13 11 19 12 14 15
20,136,18 19 16 8 10 14 11 0 13 9 17 6 5 4 15 2 12 1 3 7
20,149,7 15 19 18 17 12 14 16 13 10 9 2 5 4 11 1 0 8 3 6
20,138,14 19 16 7 8 11 18 17 13 6 15 2 10 3 4 1 9 12 5 0
20,47,4 1 3 10 7 9 11 0 5 2 16 13 14 8 12 17 6 18 19 15
20,51,0 6 12 5 9 4 7 1 10 8 2 18 11 13 14 17 15 3 19 16
20,52,6 0 10 11 4 7 3 8 1 2 14 19 5 12 16 9 15 13 18 17
20,56,1 3 0 4 7 8 10 15 13 11 2 19 17 16 5 6 18 14 9 12
20,55,6 1 2 9 4 7 19 5 11 8 18 3 0 12 13 14 15 16 10 17
20,137,13 11 9 19 14 16 17 4 8 12 18 15 0 7 3 10 6 5 2 1
20,29,1 3 0 7 10 4 9 6 8 2 5 11 15 12 13 16 14 19 18 17
20,34,3 2 12 6 0 1 14 4 8 5 9 13 7 10 11 15 17 16 18 19
20,48,0 8 5 4 1 10 2 7 3 16 9 19 13 12 15 11 6 17 18 14
20,148,13 12 14 18 19 17 16 10 8 9 2 11 15 7 3 0 6 1 5 4
20,141,19 17 10 16 18 14 8 11 15 12 4 1 6 0 7 5 2 3 13 9
20,50,7 2 4 1 17 6 8 13 3 0 9 5 11 15 12 14 10 19 18 16
20,44,1 0 9 6 3 4 11 12 8 5 18 7 2 13 14 16 15 19 10 17
20,40,0 6 2 9 5 3 1 12 7 16 15 8 4 11 13 10 17 18 14 19
20,147,14 12 17 15 9 19 16 18 13 11 8 5 6 2 1 3 7 4 0 10
20,146,19 18 8 16 14 11 12 15 6 10 7 1 13 5 9 4 2 17 3 0
20,151,18 19 17 14 9 13 8 7 12 11 10 15 4 16 0 6 2 3 5 1
20,46,4 3 1 6 5 7 2 10 18 9 15 12 0 11 13 16 17 8 14 19
20,41,2 0 1 4 10 8 5 3 14 12 7 9 15 19 13 17 6 16 11 18
20,43,2 0 3 4 1 5 10 18 13 12 9 6 11 15 8 7 17 16 19 14
20,145,13 4 19 18 15 16 17 12 7 11 9 0 14 6 5 10 8 3 1 2
20,154,15 14 18 16 17 19 13 7 10 11 12 9 0 3 8 2 6 4 1 5
20,153,19 15 14 1 18 12 13 10 9 17 11 16 8 6 7 4 2 5 3 0
20,155,17 13 11 10 16 19 18 6 14 15 9 8 5 7 12 4 3 1 0 2
20,45,4 1 2 3 11 8 6 12 9 0 15 5 16 7 19 13 17 10 14 18
20,39,1 8 7 0 2 9 4 5 3 10 6 11 19 17 16 12 13 15 18 14
20,152,15 10 17 19 16 18 14 5 11 9 3 13 8 12 2 6 4 7 1 0
20,37,5 0 1 9 6 3 4 10 2 13 19 8 7 12 15 14 11 16 17 18
20,36,2 8 5 1 0 3 9 11 6 16 12 10 4 7 13 14 15 19 17 18
20,35,0 4 5 2 3 1 6 7 9 14 19 13 8 18 10 11 16 12 15 17
20,38,0 1 11 2 5 8 3 4 6 7 10 18 13 19 12 16 15 14 9 17
20,162,14 18 15 17 13 19 16 11 9 10 7 4 3 12 6 5 8 2 1 0
20,157,19 14 17 16 18 15 13 5 12 3 11 8 10 1 7 2 9 4 0 6
20,159,15 18 12 19 16 11 14 17 13 6 9 7 3 10 5 8 2 0 1 4
20,160,19 12 15 18 16 14 9 13 10 8 17 7 3 11 6 4 2 0 1 5
20,32,1 0 2 5 7 3 10 4 13 11 12 14 6 18 8 16 9 15 19 17
20,33,0 1 6 7 2 10 8 4 3 5 12 15 11 16 14 18 9 17 13 19
20,156,13 16 19 17 15 11 18 8 14 10 4 12 9 1 3 7 5 2 6 0
20,158,16 17 18 9 15 19 14 10 13 12 1 7 8 11 5 6 4 0 2 3
20,161,18 13 19 16 9 12 14 10 17 15 6 11 7 5 8 3 4 1 0 2
20,27,0 3 1 8 4 2 5 6 11 7 12 16 14 15 10 9 17 13 19 18
20,28,0 1 5 3 4 2 11 9 12 14 6 8 10 7 15 17 16 13 18 19
20,31,9 0 4 1 6 5 11 2 3 7 8 10 14 17 12 13 16 18 19 15
20,30,1 13 2 3 0 5 6 15 7 4 9 8 10 11 12 16 17 14 19 18
20,25,2 1 5 4 0 7 6 9 10 8 3 11 15 12 17 14 18 13 16 19
20,168,18 19 17 14 16 15 13 5 11 12 9 8 10 7 2 0 4 6 1 3
20,166,19 15 18 16 14 6 17 12 13 10 7 11 8 5 2 9 3 4 1 0
20,26,4 0 1 3 6 10 7 5 2 17 8 11 9 12 14 13 15 18 16 19
20,163,16 17 19 12 15 18 14 8 5 13 11 6 10 7 4 3 9 1 2 0
20,165,19 18 15 9 17 13 14 12 16 5 11 2 10 8 7 6 4 3 0 1
20,167,19 16 14 17 15 18 13 12 11 9 10 7 3 8 1 0 5 4 6 2
20,22,1 6 0 2 4 3 8 5 7 13 10 11 12 9 19 14 15 17 16 18
20,21,1 0 2 5 7 4 11 3 9 8 6 10 14 13 16 15 12 17 18 19
20,164,18 17 15 14 19 10 13 12 11 8 4 7 16 9 5 3 1 6 2 0
20,23,0 7 2 3 1 6 4 5 8 10 11 15 14 9 13 16 17 18 12 19
20,24,1 5 4 3 2 6 0 7 10 9 11 12 13 14 8 18 15 19 16 17
20,169,16 19 18 15 11 13 12 17 9 14 10 6 8 5 4 3 2 7 0 1
20,170,17 19 18 15 14 16 12 11 13 9 8 7 0 10 6 4 2 3 5 1
